0,童立
1,吕佳玮
2,冯雨生
3,郭晨
4,张航
5,王栩
6,徐治彪
7,张淼
8,张继圣
9,方钰涵
10,袁航
11,桑俊
12,陈平
13,范妍
14,潘中宁
15,张帆
16,陆彬
17,毛甜
18,张露
19,王阳
20,潘明
21,张丹华
22,彭敢
23,许炎
24,董梁
25,袁玮
26,周应波
27,应帅
28,张媛
29,李佳存
30,贾成东
31,李宜璇
32,袁芳
33,尚烁徽
34,王东杰
35,程
36,赵晓东
37,蒲世林
38,何晓春
39,李孟海
40,韩冬燕
41,曹潜
42,李威
43,萧楠
44,陈一峰
45,薛玲
46,王品
47,吴印
48,刘洋
49,徐幼华
50,庞琳琳
51,农冰立
52,李游
53,杜洋
54,姚志鹏
55,朱睿
56,毕天宇
57,方磊
58,沙炜
59,吴培文
60,陈叶雁南
61,徐喻军
62,肖勇
63,石峰
64,田俊维
65,姚锦
66,于h
67,黎海威
68,谭丽
69,余科苗
70,颜媛
71,张林
72,高源
73,张勋
74,杨琨
75,刘晓明
76,贺宁
77,金梓才
78,李博
79,刘斌
80,聂毅翔
81,张自力
82,杜晓海
83,提云涛
84,韩林
85,陈璇淼
86,丘栋荣
87,邹新进
88,高松
89,刘旭
90,施敏佳
91,蒋一茜
92,赵鹏程
93,韩威俊
94,王翔
95,翁启森
96,董伟炜
97,龙昌伦
98,周大鹏
99,曹春林
100,许杰
101,申坤
102,林晶
103,兰兰
104,史高飞
105,杨梦
106,叶乐天
107,王筱苓
108,程洲
109,林博程
110,李
111,赵蓓
112,齐海滔
113,李亚
114,郭睿
115,王平
116,王创练
117,谢屹
118,余昊
119,陈思郁
120,姚爽
121,何|华
122,王晓宁
123,光磊
124,刘晨
125,方伦煜
126,钟
127,余斌
128,施文
129,张金涛
130,胡宇飞
131,郎超
132,李耀柱
133,李林益
134,吴国清
135,曾理
136,柯海东
137,林庆
138,王本昌
139,李双全
140,吴振翔
141,郭敏
142,饶玉涵
143,张宇帆
144,李帅
145,黄安乐
146,刘荟
147,谢泽林
148,曲盛伟
149,姜锋
150,潘龙玲
151,李欣
152,赵强
153,刘伟林
154,邱杰
155,史程
156,王伟
157,樊勇
158,孙晟
159,杨柯
160,JIANG SHAOKUN
161,杨
162,陶灿
163,赵伟
164,蔡宇滨
165,易小金
166,李湘杰
167,朱晓龙
168,鄢耀
169,王凯
170,吴剑毅
171,陈建军
172,吴越
173,张琦
174,鲍无可
175,秦毅
176,王宗合
177,孟昊
178,孙迪
179,谢昌旭
180,王鹏
181,吴云峰
182,程卉超
183,马君
184,金笑非
185,杨威风
186,魏刚
187,林景艺
188,是星涛
189,罗安安
190,张剑峰
191,左金保
192,兰乔
193,杨鑫鑫
