,0
0,杨仁眉
1,肖肖
2,萧楠
3,陈建军
4,郭杰
5,王阳
6,皮劲松
7,吴国清
8,刘旭
9,孙东宁
10,赵鹏飞
11,周思聪
12,谭丽
13,史高飞
14,何奇峰
15,彭凌志
16,姚爽
17,齐海滔
18,陈一峰
19,程卉超
20,史程
21,王宗合
22,曹潜
23,徐治彪
24,鲍无可
25,刘伟林
26,何晓春
27,李耀柱
28,吴印
29,葛兰
30,吴兴武
31,樊勇
32,金梓才
33,李游
34,郭睿
35,曲盛伟
36,田俊维
37,韩广哲
38,陈平
39,易小金
40,李双全
41,冯雨生
42,袁航
43,于浩成
44,李欣
45,薄官辉
46,赵蓓
47,韩威俊
48,兰乔
49,魏伟
50,聂毅翔
51,钱亚风云
52,张丹华
53,贾成东
54,张仲维
55,潘明
56,刘格菘
57,李佳存
58,蒋一茜
59,饶玉涵
60,肖勇
61,赵伟
62,潘龙玲
63,孙迪
64,郭晨
65,金笑非
66,李孟海
67,谭冬寒
68,吴越
69,王栩
70,姚锦
71,高松
72,郑泽鸿
73,陈小鹭
74,丘栋荣
75,赵强
76,潘中宁
77,姚志鹏
78,胡宇飞
79,邹新进
80,施敏佳
81,萧嘉倩
82,王东杰
83,左金保
84,观富钦
85,陆彬
86,赵晓东
87,刘晨
88,王筱苓
89,李林益
90,肖立强
91,张朋
92,张琦
93,罗安安
94,周伟锋
95,韩冬燕
96,王凯
97,余昊
98,陶灿
99,李亚
100,吴云峰
101,马君
102,蒲世林
103,兰兰
104,高源
105,颜媛
106,楼慧源
107,王翔
108,陈叶雁南
109,光磊
110,钟
111,杨威风
112,张勋
113,蔡宇滨
114,邹唯
115,蒲延杰
116,李
117,邱杰
118,方钰涵
119,郎超
120,张林
121,林庆
122,杨锐文
123,贺宁
124,缪东航
125,杨琨
126,乔春
127,彭敢
128,李博
129,张宇帆
130,程洲
131,杨鑫鑫
132,许炎
133,张金涛
134,蒋秋洁
135,肖觅
136,袁玮
137,何|华
138,谢昌旭
139,邓默
140,刘晓明
141,侯玉琦
142,陈璇淼
143,农冰立
144,何肖颉
145,沈佳
146,蔡目荣
147,吕佳玮
148,石峰
149,柯海东
150,鄢耀
151,沙炜
152,张航
153,归凯
154,朱然
155,秦毅
156,童立
157,曹春林
158,姜锋
159,邵卓
160,陈薪羽
161,王伟
162,李湘杰
163,许杰
164,宋炳|
165,张继圣
166,尚烁徽
167,杨柯
168,周大鹏
169,赵鹏程
170,张淼
171,毕天宇
172,王鹏
173,JIANG SHAOKUN
174,谭志强
175,王君正
176,欧阳力君
177,孙晟
178,吴剑毅
179,张帆
180,郭敏
181,李威
182,杨景喻
183,陈思郁
184,应帅
185,程
186,黄安乐
187,王品
188,李宜璇
189,是星涛
190,董伟炜
191,詹成
192,谢泽林
193,翟云飞
194,李德辉
195,周应波
196,张剑峰
197,范妍
198,张媛
199,王创练
200,桑俊
201,余科苗
202,申坤
203,杨
204,魏刚
205,李帅
206,孟昊
207,刘荟
208,范洁
209,王咏辉
210,袁芳
211,周志敏
212,刘洋
213,雷俊
214,贺
215,林晶
216,张自力
217,于h
218,方伦煜
219,韩林
220,黎海威
221,吴培文
222,曾理
223,杜洋
224,冯明远
225,提云涛
226,杨梦
227,徐喻军
228,朱晓龙
229,庞琳琳
230,徐成
231,施文
232,徐幼华
233,吴振翔
234,毛甜
235,翁启森
236,方磊
237,黄瑞庆
238,龙昌伦
239,张露
240,薛玲
241,丁h
242,余斌
243,杜晓海
244,王晓宁
245,孙蒙
246,叶乐天
247,王平
248,王本昌
249,祗飞跃
250,林景艺
251,李佳亮
252,刘斌
253,陈健夫
254,谢屹
255,杨雨龙
256,施荣盛
257,俞诚
258,董梁
